{"x": 30.674738059663003, "y": 153.1288861189958, "tx": 31, "ty": 153, "hunger": 100, "energy": 0, "thought": "..."}