{"x": 83.52153253839994, "y": 132.1881691243272, "tx": 82, "ty": 133, "hunger": 100, "energy": 0, "thought": "..."}